id,cover,uk,en,de,pl,es,fr
pets,dog,Свійські тварини,Pets & farm animals,Haus- und Hoftiere,Zwierzęta domowe,Animales domésticos,Animaux domestiques
wild,lion,Дикі тварини й птахи,Wild animals & birds,Wildtiere und Vögel,Dzikie zwierzęta i ptaki,Animales salvajes y aves,Animaux sauvages et oiseaux
sea,fish,Морські мешканці,Sea life,Meerestiere,Życie w morzu,Animales marinos,Animaux marins
bugs,butterfly,Комахи,Bugs & insects,Insekten,Owady,Insectos,Insectes
fruit_veg,apple,Фрукти й овочі,Fruits & vegetables,Obst und Gemüse,Owoce i warzywa,Frutas y verduras,Fruits et légumes
food,cake,Їжа й напої,Food & drinks,Essen und Trinken,Jedzenie i napoje,Comida y bebida,Nourriture et boissons
home,chair,Дім,Home,Zuhause,Dom,La casa,La maison
tech_tools,hammer,Техніка й інструменти,Gadgets & tools,Technik und Werkzeug,Sprzęt i narzędzia,Aparatos y herramientas,Appareils et outils
clothes,woolly_hat,Одяг і аксесуари,Clothes & accessories,Kleidung und Accessoires,Ubrania i dodatki,Ropa y accesorios,Vêtements et accessoires
body,hand,Тіло,Body,Körper,Ciało,El cuerpo,Le corps
people,doctor,Люди й професії,People & jobs,Menschen und Berufe,Ludzie i zawody,Personas y profesiones,Les gens et les métiers
school_art,pencil,Школа й творчість,"School, art & music","Schule, Kunst und Musik",Szkoła i twórczość,"Escuela, arte y música","École, art et musique"
toys_sports,ball,Іграшки й спорт,Toys & sports,Spielzeug und Sport,Zabawki i sport,Juguetes y deportes,Jouets et sports
city_transport,car,Місто й транспорт,City & transportation,Stadt und Verkehr,Miasto i transport,Ciudad y transporte,Ville et transports
nature,sun,Природа й погода,Nature & weather,Natur und Wetter,Przyroda i pogoda,Naturaleza y tiempo,Nature et météo
fantasy,dragon,Казка й свята,Fairy tales & holidays,Märchen und Feste,Bajki i święta,Cuentos y fiestas,Contes et fêtes
