sheet,row,col,index,id
b02-01,1,1,1,goat
b02-01,1,2,2,rooster
b02-01,1,3,3,chick
b02-01,2,1,4,donkey
b02-01,2,2,5,hamster
b02-01,2,3,6,parrot
b02-02,1,1,1,elephant
b02-02,1,2,2,giraffe
b02-02,1,3,3,crocodile
b02-02,2,1,4,hippo
b02-02,2,2,5,kangaroo
b02-02,2,3,6,panda
b02-03,1,1,1,camel
b02-03,1,2,2,deer
b02-03,1,3,3,snake
b02-03,2,1,4,dinosaur
b02-03,2,2,5,bird
b02-03,2,3,6,flamingo
b02-04,1,1,1,dolphin
b02-04,1,2,2,shark
b02-04,1,3,3,octopus
b02-04,2,1,4,crab
b02-04,2,2,5,spider
b02-04,2,3,6,caterpillar
b02-05,1,1,1,lemon
b02-05,1,2,2,cherry
b02-05,1,3,3,peach
b02-05,2,1,4,pineapple
b02-05,2,2,5,potato
b02-05,2,3,6,onion
b02-06,1,1,1,cabbage
b02-06,1,2,2,soup
b02-06,1,3,3,sandwich
b02-06,2,1,4,pasta
b02-06,2,2,5,pancake
b02-06,2,3,6,cookie
b02-07,1,1,1,chocolate
b02-07,1,2,2,lollipop
b02-07,1,3,3,juice
b02-07,2,1,4,fork
b02-07,2,2,5,pot
b02-07,2,3,6,kettle
b02-08,1,1,1,fridge
b02-08,1,2,2,sofa
b02-08,1,3,3,pillow
b02-08,2,1,4,candle
b02-08,2,2,5,box
b02-08,2,3,6,towel
b02-09,1,1,1,bathtub
b02-09,1,2,2,broom
b02-09,1,3,3,bucket
b02-09,2,1,4,computer
b02-09,2,2,5,camera
b02-09,2,3,6,scissors
b02-10,1,1,1,cap
b02-10,1,2,2,scarf
b02-10,1,3,3,mittens
b02-10,2,1,4,jacket
b02-10,2,2,5,dress
b02-10,2,3,6,t_shirt
b02-11,1,1,1,trousers
b02-11,1,2,2,sneakers
b02-11,1,3,3,blocks
b02-11,2,1,4,swing
b02-11,2,2,5,slide
b02-11,2,3,6,scooter
b02-12,1,1,1,sled
b02-12,1,2,2,toy_car
b02-12,1,3,3,boat
b02-12,2,1,4,motorcycle
b02-12,2,2,5,truck
b02-12,2,3,6,helicopter
b02-13,1,1,1,ambulance
b02-13,1,2,2,fire_truck
b02-13,1,3,3,police_car
b02-13,2,1,4,snowflake
b02-13,2,2,5,mountain
b02-13,2,3,6,fire
b02-14,1,1,1,leaf
b02-14,1,2,2,sunflower
b02-14,1,3,3,cactus
b02-14,2,1,4,eye
b02-14,2,2,5,nose
b02-14,2,3,6,mouth
b02-15,1,1,1,ear
b02-15,1,2,2,tooth
b02-15,1,3,3,piano
b02-15,2,1,4,soccer_ball
b02-15,2,2,5,hammer
b02-15,2,3,6,baby
b02-16,1,1,1,boy
b02-16,1,2,2,girl
b02-16,1,3,3,grandma
b02-16,2,1,4,grandpa
b02-16,2,2,5,doctor
b02-16,2,3,6,firefighter
b02-17,1,1,1,castle
b02-17,1,2,2,robot
b02-17,2,1,3,dragon
b02-17,2,2,4,unicorn
